<?xml version="1.0" encoding="UTF-8" ?>
<!DOCTYPE mapper
        PUBLIC "-//mybatis.org//DTD Mapper 3.0//EN"
        "http://mybatis.org/dtd/mybatis-3-mapper.dtd">
<mapper namespace="com.cpl.tsl.dao.EmployeeDao">
    <cache type="com.cpl.tsl.utils.RedisCache" />

    <select id="getEmpById" resultType="com.cpl.tsl.bean.Employee">
        SELECT * FROM employee WHERE id=#{id}
    </select>

    <select id="getAllEmp" resultType="com.cpl.tsl.bean.Employee">
        SELECT * FROM employee
    </select>

    <insert id="saveEmp">
        INSERT INTO employee(lastName,email,gender,d_id) VALUES (#{lastName},#{email},#{gender},#{dId})
    </insert>

    <insert id="saveEmpLst" useGeneratedKeys="true" parameterType="java.util.List">
        INSERT INTO employee(lastName,email,gender,d_id)
        values
            <foreach collection="empLst" item="item" index="index" separator=",">
            (#{item.lastName},#{item.email},#{item.gender},#{item.dId})
        </foreach>
    </insert>
    
    <delete id="delEmp">
        DELETE FROM employee
		WHERE id = #{id}
    </delete>

    <update id="updateEmp" parameterType="com.cpl.tsl.bean.Employee">
        UPDATE employee
        <set>
            <if test="lastName != null">
                lastName = #{lastName,jdbcType=VARCHAR},
            </if>
            <if test="email != null">
                email = #{email,jdbcType=VARCHAR},
            </if>
            <if test="gender != null">
                gender = #{gender,jdbcType=NUMERIC},
            </if>
            <if test="dId != null">
                d_id = #{dId,jdbcType=NUMERIC}
            </if>
        </set>
        WHERE ID = #{id,jdbcType=NUMERIC}
    </update>

</mapper>