{
  "id": "",
  "name": "",
  "font_family": "iconfont",
  "css_prefix_text": "icon-",
  "description": "",
  "glyphs": [
    {
      "icon_id": "7008883",
      "name": "accessory",
      "font_class": "accessory",
      "unicode": "e6dd",
      "unicode_decimal": 59101
    },
    {
      "icon_id": "7008902",
      "name": "camera",
      "font_class": "camera",
      "unicode": "e6e7",
      "unicode_decimal": 59111
    },
    {
      "icon_id": "7008918",
      "name": "delete_fill",
      "font_class": "delete_fill",
      "unicode": "e6f2",
      "unicode_decimal": 59122
    },
    {
      "icon_id": "7008919",
      "name": "delete",
      "font_class": "delete",
      "unicode": "e6f3",
      "unicode_decimal": 59123
    },
    {
      "icon_id": "7008928",
      "name": "empty",
      "font_class": "empty",
      "unicode": "e6f7",
      "unicode_decimal": 59127
    },
    {
      "icon_id": "7008930",
      "name": "enter",
      "font_class": "enter",
      "unicode": "e6f8",
      "unicode_decimal": 59128
    },
    {
      "icon_id": "7008931",
      "name": "enterinto",
      "font_class": "enterinto",
      "unicode": "e6f9",
      "unicode_decimal": 59129
    },
    {
      "icon_id": "7008960",
      "name": "lock",
      "font_class": "lock",
      "unicode": "e709",
      "unicode_decimal": 59145
    },
    {
      "icon_id": "7008967",
      "name": "mine",
      "font_class": "mine",
      "unicode": "e70e",
      "unicode_decimal": 59150
    },
    {
      "icon_id": "7008997",
      "name": "return",
      "font_class": "return",
      "unicode": "e720",
      "unicode_decimal": 59168
    },
    {
      "icon_id": "7009042",
      "name": "search",
      "font_class": "search",
      "unicode": "e741",
      "unicode_decimal": 59201
    }
  ]
}
